-- MySQL dump 10.13  Distrib 5.1.63, for debian-linux-gnu (i486)
--
-- Host: internal-db.s157042.gridserver.com    Database: db157042_aidgradewp
-- ------------------------------------------------------
-- Server version	5.1.55-rel12.6

/*!40101 SET @OLD_CHARACTER_SET_CLIENT=@@CHARACTER_SET_CLIENT */;
/*!40101 SET @OLD_CHARACTER_SET_RESULTS=@@CHARACTER_SET_RESULTS */;
/*!40101 SET @OLD_COLLATION_CONNECTION=@@COLLATION_CONNECTION */;
/*!40101 SET NAMES utf8 */;
/*!40103 SET @OLD_TIME_ZONE=@@TIME_ZONE */;
/*!40103 SET TIME_ZONE='+00:00' */;
/*!40014 SET @OLD_UNIQUE_CHECKS=@@UNIQUE_CHECKS, UNIQUE_CHECKS=0 */;
/*!40014 SET @OLD_FOREIGN_KEY_CHECKS=@@FOREIGN_KEY_CHECKS, FOREIGN_KEY_CHECKS=0 */;
/*!40101 SET @OLD_SQL_MODE=@@SQL_MODE, SQL_MODE='NO_AUTO_VALUE_ON_ZERO' */;
/*!40111 SET @OLD_SQL_NOTES=@@SQL_NOTES, SQL_NOTES=0 */;

--
-- Table structure for table `wp_donor_programs`
--

DROP TABLE IF EXISTS `wp_donor_programs`;
/*!40101 SET @saved_cs_client     = @@character_set_client */;
/*!40101 SET character_set_client = utf8 */;
CREATE TABLE `wp_donor_programs` (
  `id` int(10) unsigned NOT NULL AUTO_INCREMENT,
  `name` varchar(255) NOT NULL,
  `link_donate` varchar(255) DEFAULT NULL,
  PRIMARY KEY (`id`)
) ENGINE=MyISAM AUTO_INCREMENT=12 DEFAULT CHARSET=latin1;
/*!40101 SET character_set_client = @saved_cs_client */;

--
-- Dumping data for table `wp_donor_programs`
--

LOCK TABLES `wp_donor_programs` WRITE;
/*!40000 ALTER TABLE `wp_donor_programs` DISABLE KEYS */;
INSERT INTO `wp_donor_programs` VALUES (2,'bed nets','http://localhost/open/wordpress/aidgrade.org/html/donate'),(3,'conditional cash transfers','http://localhost/open/wordpress/aidgrade.org/html/donate'),(4,'deworming','http://localhost/open/wordpress/aidgrade.org/html/donate'),(5,'microfinance','http://localhost/open/wordpress/aidgrade.org/html/donate'),(6,'safe water storage','http://localhost/open/wordpress/aidgrade.org/html/donate'),(7,'school meals','http://localhost/open/wordpress/aidgrade.org/html/donate'),(8,'unconditional cash transfers','http://localhost/open/wordpress/aidgrade.org/html/donate'),(9,'water treatment','http://localhost/open/wordpress/aidgrade.org/html/donate'),(10,'improved stoves','http://localhost/open/wordpress/aidgrade.org/html/donate'),(11,'scholarships','http://localhost/open/wordpress/aidgrade.org/html/donate');
/*!40000 ALTER TABLE `wp_donor_programs` ENABLE KEYS */;
UNLOCK TABLES;

--
-- Table structure for table `wp_donor_outcomes`
--

DROP TABLE IF EXISTS `wp_donor_outcomes`;
/*!40101 SET @saved_cs_client     = @@character_set_client */;
/*!40101 SET character_set_client = utf8 */;
CREATE TABLE `wp_donor_outcomes` (
  `id` int(10) unsigned NOT NULL AUTO_INCREMENT,
  `name` varchar(255) NOT NULL,
  PRIMARY KEY (`id`)
) ENGINE=MyISAM AUTO_INCREMENT=36 DEFAULT CHARSET=latin1;
/*!40101 SET character_set_client = @saved_cs_client */;

--
-- Dumping data for table `wp_donor_outcomes`
--

LOCK TABLES `wp_donor_outcomes` WRITE;
/*!40000 ALTER TABLE `wp_donor_outcomes` DISABLE KEYS */;
INSERT INTO `wp_donor_outcomes` VALUES (2,'assets'),(3,'attendance rates'),(4,'birthweight'),(5,'consumption'),(6,'diarrhea incidence'),(7,'diarrhea prevalence'),(8,'dysentery'),(9,'enrollment rates'),(10,'height'),(11,'height-for-age'),(12,'hemoglobin'),(13,'labor force participation'),(14,'labor hours'),(15,'malaria'),(16,'malformations'),(17,'mid-upper arm circumference'),(18,'mortality'),(19,'neonatal deaths'),(20,'pregnancy'),(21,'probability of opening business'),(22,'profits'),(23,'retention rates'),(24,'savings'),(25,'skilled attendant at delivery'),(26,'stillbirths'),(27,'test scores'),(28,'unpaid work'),(29,'weight'),(30,'weight-for-age'),(31,'weight-for-height'),(32,'cough'),(33,'chest pain'),(34,'difficulty breathing'),(35,'excessive nasal secretion');
/*!40000 ALTER TABLE `wp_donor_outcomes` ENABLE KEYS */;
UNLOCK TABLES;

--
-- Table structure for table `wp_donor_relations`
--

DROP TABLE IF EXISTS `wp_donor_relations`;
/*!40101 SET @saved_cs_client     = @@character_set_client */;
/*!40101 SET character_set_client = utf8 */;
CREATE TABLE `wp_donor_relations` (
  `id` int(11) unsigned NOT NULL AUTO_INCREMENT,
  `program_id` int(11) NOT NULL,
  `outcome_id` int(11) NOT NULL,
  PRIMARY KEY (`id`)
) ENGINE=MyISAM AUTO_INCREMENT=527 DEFAULT CHARSET=latin1;
/*!40101 SET character_set_client = @saved_cs_client */;

--
-- Dumping data for table `wp_donor_relations`
--

LOCK TABLES `wp_donor_relations` WRITE;
/*!40000 ALTER TABLE `wp_donor_relations` DISABLE KEYS */;
INSERT INTO `wp_donor_relations` VALUES (3,2,15),(6,2,15),(7,2,15),(8,2,15),(9,2,18),(10,2,18),(11,2,18),(12,2,18),(13,2,18),(14,2,18),(15,2,18),(16,2,18),(17,3,3),(18,3,3),(19,3,3),(20,3,3),(21,3,3),(22,3,3),(23,3,3),(24,3,3),(33,3,9),(34,3,9),(35,3,9),(36,3,9),(37,3,9),(38,3,9),(39,3,9),(40,3,9),(523,4,3),(42,3,13),(43,3,13),(44,3,13),(45,3,13),(46,3,13),(47,3,13),(48,3,13),(49,3,14),(50,3,14),(51,3,14),(52,3,14),(53,3,14),(54,3,14),(55,3,14),(56,3,14),(57,3,20),(58,3,20),(59,3,20),(60,3,20),(61,3,20),(62,3,20),(63,3,20),(64,3,23),(65,3,23),(66,3,23),(67,3,23),(68,3,23),(69,3,23),(70,3,23),(71,3,23),(72,3,23),(73,3,23),(74,3,25),(75,3,25),(76,3,25),(77,3,25),(78,3,25),(80,3,25),(81,3,27),(82,3,27),(83,3,27),(84,3,27),(85,3,27),(86,3,27),(87,3,27),(88,3,27),(89,3,27),(90,3,28),(91,3,28),(92,3,28),(93,3,28),(94,3,28),(95,3,28),(96,3,28),(522,3,28),(98,4,3),(99,4,3),(100,4,3),(101,4,3),(102,4,3),(103,4,3),(104,4,3),(105,4,3),(106,4,3),(107,4,3),(108,4,3),(109,4,4),(110,4,4),(111,4,4),(112,5,22),(113,5,22),(114,4,4),(118,4,4),(119,4,4),(117,4,4),(120,5,22),(121,5,24),(122,5,24),(123,5,24),(124,4,4),(125,5,24),(126,4,4),(127,4,4),(128,5,24),(129,5,24),(130,5,24),(131,4,4),(132,4,4),(133,4,4),(134,5,24),(135,5,24),(136,4,10),(137,5,24),(138,4,10),(139,5,24),(140,4,10),(141,5,24),(143,4,10),(144,4,10),(145,4,10),(146,4,10),(147,6,6),(148,4,10),(149,6,6),(150,6,6),(151,6,6),(152,6,6),(153,4,10),(154,6,6),(155,4,10),(156,6,6),(157,4,10),(158,4,10),(159,6,6),(160,4,11),(161,7,9),(162,4,11),(163,7,9),(164,4,11),(165,4,11),(166,7,9),(167,4,11),(169,4,11),(171,4,11),(173,4,11),(177,7,10),(178,7,10),(179,4,11),(180,7,10),(181,4,11),(182,4,11),(183,7,10),(184,4,11),(185,7,10),(186,4,12),(187,4,12),(188,4,11),(189,4,12),(190,4,12),(191,4,12),(192,4,12),(193,4,12),(194,4,12),(195,4,12),(196,4,12),(197,4,12),(198,4,16),(199,4,16),(200,4,16),(201,4,16),(214,4,17),(215,4,17),(216,4,17),(217,4,17),(219,4,17),(220,4,17),(218,4,17),(222,4,17),(223,4,17),(224,4,17),(225,4,17),(221,4,17),(226,4,19),(227,4,19),(228,4,19),(229,4,19),(230,4,26),(231,4,26),(232,4,26),(233,4,26),(234,4,27),(235,4,27),(236,4,27),(237,4,27),(238,4,27),(239,4,27),(240,4,27),(241,4,27),(242,4,29),(243,4,29),(244,4,29),(245,4,29),(246,4,29),(247,4,29),(248,4,29),(249,4,29),(250,4,29),(252,4,29),(253,4,29),(254,4,29),(255,4,30),(256,4,30),(257,4,30),(258,4,30),(259,4,30),(260,4,30),(261,4,30),(262,4,30),(263,4,30),(264,4,30),(265,4,30),(266,4,30),(271,4,31),(272,4,31),(273,4,31),(270,4,31),(274,4,31),(275,4,31),(276,4,31),(277,4,31),(278,4,31),(279,4,31),(280,4,31),(281,4,31),(282,5,2),(283,5,2),(284,5,2),(285,5,2),(286,5,2),(287,5,2),(288,5,2),(289,5,2),(290,5,2),(291,5,2),(292,5,2),(293,5,2),(306,5,21),(307,5,21),(308,5,21),(309,5,21),(310,5,21),(311,5,21),(312,5,21),(313,5,21),(314,7,10),(315,7,10),(316,7,10),(317,7,10),(318,7,10),(319,7,10),(320,7,10),(321,8,11),(322,7,11),(323,7,11),(324,7,11),(325,7,11),(326,7,11),(327,7,11),(328,7,11),(329,7,11),(330,7,11),(331,7,11),(332,7,11),(333,7,12),(334,7,12),(335,7,12),(336,7,12),(337,7,12),(338,7,12),(339,7,12),(340,7,12),(341,7,12),(342,7,12),(343,7,12),(344,7,12),(345,7,27),(346,7,27),(347,7,27),(348,7,27),(349,7,27),(350,7,27),(351,7,27),(352,7,27),(353,7,27),(354,7,27),(355,7,27),(356,7,27),(357,7,29),(358,7,29),(359,7,29),(360,7,29),(361,7,29),(362,7,29),(363,7,29),(364,7,29),(365,7,29),(366,7,29),(367,7,29),(368,7,30),(369,7,30),(370,7,30),(371,7,30),(372,7,30),(373,7,30),(374,7,30),(375,7,30),(376,7,30),(377,7,30),(378,7,30),(379,7,30),(520,3,25),(521,3,25),(382,7,31),(383,7,31),(384,7,31),(385,7,31),(386,7,31),(387,7,31),(388,7,31),(389,7,31),(390,7,31),(391,7,31),(392,8,9),(393,8,9),(394,8,9),(395,8,9),(396,8,9),(397,8,9),(398,8,9),(401,8,27),(400,8,27),(402,8,27),(403,8,27),(404,8,27),(405,8,27),(406,8,27),(407,8,27),(408,9,6),(409,9,6),(410,9,6),(411,9,6),(412,9,6),(413,9,6),(442,9,7),(415,9,6),(441,9,7),(440,9,7),(436,9,7),(437,9,7),(420,9,6),(435,9,7),(438,9,7),(439,9,7),(424,9,8),(425,9,8),(426,9,8),(427,9,8),(428,9,8),(429,9,8),(430,9,8),(431,9,8),(443,10,33),(444,10,33),(445,10,33),(446,10,33),(447,10,33),(448,10,33),(449,10,33),(450,10,33),(451,10,32),(452,10,32),(453,10,32),(454,10,32),(455,10,32),(456,10,32),(457,10,32),(458,10,32),(459,10,34),(460,10,34),(461,10,34),(462,10,34),(463,10,34),(464,10,34),(465,10,34),(466,10,34),(467,10,35),(468,10,35),(469,10,35),(470,10,35),(471,10,35),(472,10,35),(473,10,35),(474,10,35),(475,11,3),(476,11,3),(477,11,3),(478,11,3),(479,11,3),(480,11,3),(481,11,3),(482,11,3),(483,11,3),(484,11,3),(485,11,3),(486,11,3),(487,11,9),(488,11,9),(489,11,9),(490,11,9),(491,11,9),(492,11,9),(493,11,9),(494,11,9),(495,11,9),(496,11,9),(497,11,9),(498,11,9),(500,11,27),(501,11,27),(502,11,27),(503,11,27),(504,11,27),(505,11,27),(506,11,27),(507,11,27),(508,11,27),(509,11,27),(510,11,27),(511,11,27),(512,7,9),(513,7,9),(514,7,9),(515,7,9),(516,7,9),(517,7,9),(518,7,9),(526,5,5),(524,7,9),(525,8,9);
/*!40000 ALTER TABLE `wp_donor_relations` ENABLE KEYS */;
UNLOCK TABLES;

--
-- Table structure for table `wp_donor_outcome_values`
--

DROP TABLE IF EXISTS `wp_donor_outcome_values`;
/*!40101 SET @saved_cs_client     = @@character_set_client */;
/*!40101 SET character_set_client = utf8 */;
CREATE TABLE `wp_donor_outcome_values` (
  `id` int(11) unsigned NOT NULL AUTO_INCREMENT,
  `relation_id` int(11) NOT NULL,
  `lower` float DEFAULT '0',
  `mean` float DEFAULT '1',
  `upper` float DEFAULT '2',
  `unit` varchar(255) DEFAULT NULL,
  `randomized_filter` tinyint(4) NOT NULL DEFAULT '0',
  `blinded_filter` tinyint(4) NOT NULL DEFAULT '0',
  `effects` tinyint(4) NOT NULL DEFAULT '0',
  `rflag` varchar(55) DEFAULT NULL,
  `number_of_studies` int(11) DEFAULT '0',
  PRIMARY KEY (`id`)
) ENGINE=MyISAM AUTO_INCREMENT=552 DEFAULT CHARSET=latin1;
/*!40101 SET character_set_client = @saved_cs_client */;

--
-- Dumping data for table `wp_donor_outcome_values`
--

LOCK TABLES `wp_donor_outcome_values` WRITE;
/*!40000 ALTER TABLE `wp_donor_outcome_values` DISABLE KEYS */;
INSERT INTO `wp_donor_outcome_values` VALUES (2,3,0.42,0.59,0.84,'(risk ratio)',0,2,0,'0',7),(3,6,0.62,0.7,0.78,'(risk ratio)',0,2,1,'0',7),(4,7,0.42,0.59,0.84,'(risk ratio) ',2,2,0,'0',7),(5,8,0.62,0.7,0.78,'(risk ratio) ',2,2,1,'both',7),(511,9,0.76,0.81,0.87,'(rate ratio) ',1,0,0,'0',4),(512,10,0.76,0.81,0.87,'(rate ratio) ',1,0,1,'0',4),(518,16,0.76,0.81,0.87,'(rate ratio) ',2,2,0,'0',4),(517,15,0.76,0.81,0.87,'(rate ratio) ',2,0,1,'0',4),(516,14,0.76,0.81,0.87,'(rate ratio) ',2,0,0,'0',4),(515,13,0.76,0.81,0.87,'(rate ratio) ',1,2,1,'0',4),(514,12,0.76,0.81,0.87,'(rate ratio) ',1,2,0,'0',4),(513,11,0.76,0.81,0.87,'(rate ratio) ',1,0,1,'0',4),(14,17,-1.2,6.18,13.56,'percentage points ',0,0,0,'0',3),(15,18,2.09,3.21,4.33,'percentage points ',0,0,1,'0',3),(16,19,-1.2,6.18,13.56,'percentage points ',0,2,0,'0',3),(17,20,2.09,3.21,4.33,'percentage points ',0,2,1,'0',3),(18,21,-1.2,6.18,13.56,'percentage points ',2,0,0,'0',3),(19,22,2.09,3.21,4.33,'percentage points ',2,0,1,'0',3),(20,23,-1.2,6.18,13.56,'percentage points ',2,2,0,'0',3),(21,24,2.09,3.21,4.33,'percentage points ',2,2,1,'both',3),(30,33,1.51,3.67,5.83,'percentage points ',0,0,0,'0',7),(31,34,1.1,1.52,1.94,'percentage points ',0,0,1,'0',7),(32,35,1.51,3.67,5.83,'percentage points ',0,2,0,'0',7),(33,36,1.1,1.52,1.94,'percentage points ',0,2,1,'0',7),(34,37,1.51,3.67,5.83,'percentage points ',2,0,0,'0',7),(35,38,1.1,1.52,1.94,'percentage points ',2,0,1,'0',7),(36,39,1.51,3.67,5.83,'percentage points ',2,2,0,'0',7),(37,40,1.1,1.52,1.94,'percentage points ',2,2,1,'both',7),(39,42,-7.83,-4.81,-1.78,'percentage points ',0,0,0,'0',5),(40,43,-5.67,-4.43,-3.2,'percentage points ',0,0,1,'0',5),(41,44,-7.83,-4.81,-1.78,'percentage points ',0,2,0,'0',5),(42,45,-5.67,-4.43,-3.2,'percentage points ',0,2,1,'0',5),(43,46,-7.83,-4.81,-1.78,'percentage points ',2,0,0,'0',5),(44,47,-7.83,-4.81,-1.78,'percentage points ',2,2,0,'0',5),(45,48,-5.67,-4.43,-3.2,'percentage points ',2,2,1,'both',5),(46,49,-4.86,-3.55,-2.23,'hours ',0,0,0,'0',2),(47,50,-4.7,-3.51,-2.32,'hours',0,0,1,'0',2),(48,51,-4.86,-3.55,-2.23,'hours ',0,2,0,'0',2),(49,52,-4.7,-3.51,-2.32,'hours ',0,2,1,'0',2),(50,53,-4.86,-3.55,-2.23,'hours ',2,0,0,'0',2),(51,54,-4.7,-3.51,-2.32,'hours ',2,0,1,'0',2),(52,55,-4.86,-3.55,-2.23,'hours ',2,2,0,'0',2),(53,56,-4.7,-3.51,-2.32,'hours ',2,2,1,'both',2),(54,57,-2.48,-0.88,0.71,'percentage points ',0,0,0,'0',3),(55,58,-2.48,-0.88,0.71,'percentage points ',0,0,1,'0',3),(56,59,-2.48,-0.88,0.71,'percentage points ',0,2,0,'0',3),(57,60,-2.48,-0.88,0.71,'percentage points ',0,2,1,'0',3),(58,61,-2.48,-0.88,0.71,'percentage points ',2,0,0,'0',3),(59,62,-2.48,-0.88,0.71,'percentage points ',2,0,1,'0',3),(60,63,-2.48,-0.88,0.71,'percentage points ',2,2,1,'both',3),(61,64,-2.73,-1.05,0.64,'percentage points ',0,0,0,'0',4),(62,65,-0.22,0.19,0.6,'percentage points ',0,0,1,'0',4),(63,66,-2.73,-1.05,0.64,'percentage points ',0,2,0,'0',4),(64,67,-0.22,0.19,0.6,'percentage points ',0,2,1,'0',4),(65,68,-2.73,-1.05,0.64,'percentage points ',2,0,0,'0',4),(66,69,-0.22,0.19,0.6,'percentage points ',2,0,1,'0',4),(67,70,-2.73,-1.05,0.64,'percentage points ',2,2,0,'0',4),(68,71,-0.22,0.19,0.6,'percentage points ',2,2,1,'both',4),(69,72,0,0.13,0.26,'percentage points ',0,0,0,'0',2),(70,73,0,0.13,0.26,'percentage points ',0,0,1,'0',2),(71,74,0.28,13.05,25.82,'percentage points ',0,0,0,'0',2),(72,75,0.28,13.05,25.82,'percentage points ',0,0,1,'0',2),(73,76,0.28,13.05,25.82,'percentage points ',0,2,0,'0',2),(74,77,0.28,13.05,25.82,'percentage points ',0,2,1,'0',2),(75,78,0.28,13.05,25.82,'percentage points ',2,0,0,'0',2),(77,80,0.28,13.05,25.82,'percentage points ',2,0,1,'0',2),(78,81,-0.12,-0.02,0.07,'standard deviations ',0,0,0,'0',2),(79,82,-0.07,-0.07,-0.06,'standard deviations ',0,0,1,'0',2),(80,83,-0.12,-0.02,0.07,'standard deviations ',0,2,0,'0',2),(81,84,-0.07,-0.07,-0.06,'standard deviations ',0,2,1,'0',2),(82,85,-0.12,-0.02,0.07,'standard deviations ',2,0,0,'0',2),(83,86,-0.07,-0.07,-0.06,'standard deviations ',2,0,1,'0',2),(84,87,-0.12,-0.02,0.07,'standard deviations ',2,2,0,'0',2),(85,88,-0.07,-0.07,-0.06,'standard deviations ',2,2,1,'both',2),(86,89,1.51,8.6,15.69,'percentage points ',0,0,0,'0',1),(87,90,1.51,8.6,15.69,'percentage points ',0,0,0,'0',1),(88,91,1.51,8.6,15.69,'percentage points ',0,0,1,'0',1),(89,92,1.51,8.6,15.69,'percentage points ',0,2,0,'0',1),(90,93,1.51,8.6,15.69,'percentage points ',0,2,1,'0',1),(91,94,1.51,8.6,15.69,'percentage points ',2,0,0,'0',1),(92,95,1.51,8.6,15.69,'percentage points ',2,0,1,'0',1),(93,96,1.51,8.6,15.69,'percentage points ',2,2,1,'both',1),(547,521,0.28,13.05,25.82,'percentage points ',2,2,1,'both',2),(95,98,-2.35,4.9,12.15,'percentage points ',1,0,0,'0',1),(96,99,-2.35,4.9,12.15,'percentage points ',1,0,1,'0',1),(97,100,-30.55,-11.1,8.35,'percentage points ',1,1,0,'0',1),(98,101,-30.55,-11.1,8.35,'percentage points ',1,1,1,'0',1),(99,102,-15.25,-0.45,14.34,'percentage points ',1,2,0,'0',2),(100,103,-3.85,2.95,9.74,'percentage points ',1,2,1,'0',2),(101,104,-2.35,4.9,12.15,'percentage points ',2,0,0,'0',1),(102,105,-2.35,4.9,12.15,'percentage points ',2,0,1,'0',1),(103,106,-30.55,-11.1,8.35,'percentage points ',2,1,0,'0',1),(104,107,-30.55,-11.1,8.35,'percentage points ',2,1,1,'0',1),(105,108,-15.25,-0.45,14.34,'percentage points ',2,2,0,'0',2),(106,109,-0.08,0,0.07,'kg ',1,1,0,'0',2),(107,110,-0.08,0,0.07,'kg ',1,1,1,'0',2),(108,111,-0.1,0.02,0.15,'current US$ (in 1000s) ',1,0,1,'0',3),(109,112,-0.26,0.4,1.07,'current US$ ($1,000s) ',1,2,0,'0',3),(110,113,-0.1,0.02,0.15,'current US$ (in 1000s) ',1,2,1,'0',3),(111,114,-0.08,0,0.07,'kg ',1,2,0,'0',2),(113,117,-0.26,0.4,1.07,'current US$ ($1,000s) ',2,0,0,'0',3),(114,118,-0.1,0.02,0.15,'current US$ (in 1000s) ',2,0,1,'0',3),(115,116,-0.08,0,0.07,'kg ',1,2,1,'0',2),(116,119,-0.26,0.4,1.07,'current US$ ($1,000s) ',2,2,0,'0',3),(117,120,-0.1,0.02,0.15,'current US$ (in 1000s) ',2,2,1,'both',3),(118,121,0,0.12,0.25,'current US$ ($1,000s) ',0,0,0,'0',1),(119,122,0,0.12,0.25,'current US$ (in 1000s) ',0,0,1,'0',1),(120,123,0,0.12,0.25,'current US$ ($1,000s) ',0,2,0,'0',1),(121,124,-0.08,0,0.07,'kg ',1,1,0,'0',2),(122,125,0,0.12,0.25,'current US$ (in 1000s) ',0,2,1,'0',1),(123,126,-0.08,0,0.07,'kg ',2,1,0,'0',2),(124,127,-0.08,0,0.07,'kg ',2,1,1,'0',2),(125,128,-0.01,0,0.01,'current US$ ($1,000s) ',1,0,0,'0',2),(126,129,-0.01,0,0.01,'current US$ (in 1000s) ',1,0,1,'0',2),(127,131,-0.08,0,0.07,'kg ',2,2,0,'0',2),(128,132,-0.08,0,0.07,'kg ',2,2,1,'both',2),(129,130,-0.01,0,0.01,'current US$ ($1,000s) ',1,2,0,'0',2),(130,133,-0.4,0.75,1.9,'cm ',1,0,0,'0',4),(131,134,-0.01,0,0.01,'current US$ (in 1000s) ',1,2,1,'0',2),(132,135,-0.03,0.02,0.06,'current US$ ($1,000s) ',2,0,0,'0',3),(133,136,-0.4,0.75,1.9,'cm ',1,0,0,'0',4),(134,137,-0.01,0,0.02,'current US$ (in 1000s) ',2,0,1,'0',3),(135,138,1.52,1.58,1.63,'cm ',1,0,1,'0',4),(136,139,-0.03,0.02,0.06,'current US$ ($1,000s) ',2,2,0,'0',3),(137,140,-0.21,0,0.2,'cm ',1,1,0,'0',3),(138,141,-0.01,0,0.02,'current US$ (in 1000s) ',2,2,1,'both',3),(139,143,-0.15,-0.05,0.05,'cm ',1,1,1,'0',3),(140,144,-0.45,0.44,1.33,'cm ',1,2,0,'0',7),(141,145,1.16,1.21,1.26,'cm ',1,2,1,'0',7),(142,146,-0.4,0.75,1.9,'cm ',2,0,0,'0',4),(522,151,0.58,0.62,0.66,'(rate ratio) ',1,2,1,'0',2),(144,148,1.52,1.58,1.63,'cm ',2,0,1,'0',4),(526,159,0.58,0.62,0.66,'(rate ratio) ',2,2,1,'both',2),(525,156,0.45,0.66,0.99,'(rate ratio) ',2,2,0,'0',2),(524,154,0.58,0.62,0.66,'(rate ratio) ',2,0,1,'0',2),(148,153,-0.21,0,0.2,'cm ',2,1,0,'0',3),(523,152,0.45,0.66,0.99,'(rate ratio) ',2,0,0,'0',2),(519,147,0.45,0.66,0.99,'(rate ratio) ',1,0,0,'0',2),(151,155,-0.15,-0.05,0.05,'cm ',2,1,1,'0',3),(152,157,-0.45,0.44,1.33,'cm ',2,2,0,'0',7),(521,150,0.45,0.66,0.99,'(rate ratio) ',1,2,0,'0',2),(154,158,1.16,1.21,1.26,'cm ',2,2,1,'both',7),(520,149,0.58,0.62,0.66,'(rate ratio) ',1,0,1,'0',2),(156,160,-0.31,0.07,0.45,'z-score ',1,0,0,'0',3),(157,161,0.01,0.04,0.07,'percentage points ',1,0,0,'0',2),(158,162,0.03,0.19,0.35,'z-score ',1,0,1,'0',3),(159,164,-0.38,0.68,1.74,'z-score ',1,1,0,'0',5),(160,163,0.01,0.04,0.07,'percentage points ',1,0,1,'0',2),(161,163,0.01,0.04,0.07,'percentage points ',1,0,1,'0',2),(163,165,0.2,0.29,0.39,'z-score ',1,1,1,'0',5),(164,166,0.66,3.61,6.55,'percentage points ',1,0,0,'0',2),(165,167,-0.25,0.44,1.14,'z-score ',1,2,0,'0',8),(167,169,0.19,0.27,0.35,'z-score ',1,2,1,'0',8),(168,171,-0.31,0.07,0.45,'z-score ',2,0,0,'0',3),(174,177,0.04,0.17,0.3,'cm ',1,0,0,'0',1),(177,178,0.04,0.17,0.3,'cm ',1,0,1,'0',1),(176,173,0.03,0.19,0.35,'z-score ',2,0,1,'0',3),(178,179,-0.38,0.68,1.74,'z-score ',2,1,0,'0',5),(179,180,-0.22,0.06,0.34,'cm ',1,1,0,'0',2),(180,181,0.2,0.29,0.39,'z-score ',2,1,1,'0',5),(181,182,-0.25,0.44,1.14,'z-score ',2,2,0,'0',8),(182,183,-0.05,0.11,0.27,'cm ',1,1,1,'0',2),(185,184,0.19,0.27,0.35,'z-score ',2,2,1,'both',8),(186,185,0.04,0.14,0.25,'cm ',1,2,0,'0',3),(187,186,-0.13,0.24,0.61,'g/dL ',1,0,0,'0',2),(188,187,-0.13,0.24,0.61,'g/dL ',1,0,1,'0',2),(189,188,-0.32,-0.1,0.12,'g/dL ',1,1,0,'0',3),(190,189,-0.07,0,0.07,'g/dL ',1,1,1,'0',3),(191,190,-0.23,-0.04,0.15,'g/dL ',1,2,0,'0',5),(192,191,-0.06,0.01,0.08,'g/dL ',1,2,1,'0',0),(193,192,-0.13,0.24,0.61,'g/dL ',2,0,0,'0',2),(194,193,-0.13,0.24,0.61,'g/dL ',2,0,1,'0',2),(195,194,-0.32,-0.1,0.12,'g/dL ',2,1,0,'0',3),(196,195,-0.07,0,0.07,'g/dL ',2,1,1,'0',3),(197,196,-0.23,-0.04,0.15,'g/dL ',2,2,0,'0',5),(198,197,-0.06,0.01,0.08,'g/dL ',2,2,1,'both',5),(199,198,0.79,1.05,1.38,'(risk ratio) ',0,2,0,'0',2),(200,199,0.79,1.05,1.38,'(risk ratio) ',0,2,1,'0',2),(201,200,0.79,1.05,1.38,'(risk ratio) ',2,2,0,'0',2),(202,201,0.79,1.05,1.38,'(risk ratio) ',2,2,1,'both',2),(215,214,-0.14,0.23,0.6,'cm ',1,0,0,'0',1),(216,215,-0.14,0.23,0.6,'cm ',1,0,1,'0',1),(217,216,-0.49,0.83,2.16,'cm ',1,1,0,'0',3),(218,217,0.34,0.45,0.56,'cm ',1,1,1,'0',3),(219,218,-0.37,0.68,1.74,'cm ',1,2,0,'0',4),(220,219,0.33,0.43,0.53,'cm ',1,2,1,'0',4),(221,220,-0.14,0.23,0.6,'cm ',2,0,0,'0',1),(222,221,-0.14,0.23,0.6,'cm ',2,0,1,'0',1),(223,222,-0.49,0.83,2.16,'cm ',2,1,0,'0',3),(224,223,0.34,0.45,0.56,'cm ',2,1,1,'0',3),(225,224,-0.37,0.68,1.74,'cm ',2,2,0,'0',4),(226,225,0.33,0.43,0.53,'cm ',2,2,1,'both',4),(227,226,0.48,0.81,1.39,'(risk ratio) ',0,2,0,'0',2),(228,227,0.48,0.81,1.39,'(risk ratio) ',0,2,1,'0',2),(229,228,0.48,0.81,1.39,'(risk ratio) ',2,2,0,'0',2),(230,229,0.48,0.81,1.39,'(risk ratio) ',2,2,1,'both',2),(231,230,0.92,1.6,2.8,'(risk ratio) ',0,2,0,'0',2),(232,231,0.92,1.6,2.8,'(risk ratio) ',0,2,1,'0',2),(233,232,0.92,1.6,2.8,'(risk ratio) ',2,2,0,'0',2),(234,233,0.92,1.6,2.8,'(risk ratio) ',2,2,1,'both',2),(235,234,-0.11,0.04,1.44,'standard deviations ',1,1,0,'0',2),(236,235,0.02,0.07,0.12,'standard deviations ',1,1,1,'0',2),(237,236,-0.11,0.04,0.18,'standard deviations ',1,2,0,'0',2),(238,236,0,0,0,'',0,0,0,'0',0),(239,237,0.02,0.07,0.12,'standard deviations ',1,2,1,'0',2),(240,238,-0.11,0.04,0.18,'standard deviations ',2,1,0,'0',2),(241,239,0.02,0.07,0.12,'standard deviations ',2,1,1,'0',2),(242,240,-0.11,0.04,0.18,'standard deviations ',2,2,0,'0',2),(243,241,0.02,0.07,0.12,'standard deviations ',2,2,1,'both',2),(244,242,-0.37,0.53,1.44,'kg ',1,0,0,'0',4),(245,243,1.15,1.21,1.27,'kg ',1,0,1,'0',4),(246,244,-0.11,-0.03,0.05,'kg ',1,1,0,'0',3),(247,245,-0.11,-0.03,0.05,'kg ',1,1,1,'0',3),(248,246,-0.39,0.3,1,'kg ',1,2,0,'0',7),(249,247,0.7,0.74,0.79,'kg ',1,2,1,'0',7),(250,248,-0.37,0.53,1.44,'kg ',2,0,0,'0',4),(251,249,1.15,1.21,1.27,'kg ',2,0,1,'0',4),(252,250,-0.11,-0.03,0.05,'kg ',2,1,0,'0',3),(253,252,-0.11,-0.03,0.05,'kg ',2,1,1,'0',3),(254,253,-0.39,0.3,1,'kg ',2,2,0,'0',7),(255,254,0.7,0.74,0.79,'kg ',2,2,1,'both',7),(256,255,0.13,0.29,0.44,'z-score ',1,0,0,'0',3),(257,256,0.13,0.29,0.44,'z-score ',1,0,1,'0',3),(258,257,-0.52,0.74,2,'z-score ',1,1,0,'0',3),(259,258,0.45,0.57,0.69,'z-score ',1,1,1,'0',3),(260,259,-0.08,0.51,1.1,'z-score ',1,2,0,'0',6),(261,260,0.37,0.47,0.56,'z-score ',1,2,1,'0',6),(262,261,0.13,0.29,0.44,'z-score ',2,0,0,'0',3),(263,262,0.13,0.29,0.44,'z-score ',2,0,1,'0',3),(264,263,-0.52,0.74,2,'z-score ',2,1,0,'0',3),(265,264,0.45,0.57,0.69,'z-score ',2,1,1,'0',3),(266,265,-0.08,0.51,1.1,'z-score ',2,2,0,'0',6),(267,266,0.37,0.47,0.56,'z-score ',2,2,1,'both',6),(271,270,0.1,0.36,0.62,'z-score ',1,0,0,'0',2),(272,271,0.1,0.36,0.62,'z-score ',1,0,1,'0',2),(273,272,-0.25,0.09,0.42,'z-score ',1,1,0,'0',3),(274,273,-0.06,0.06,0.17,'z-score ',1,1,1,'0',3),(275,274,-0.07,0.18,0.43,'z-score ',1,2,0,'0',5),(276,275,0,0.1,0.21,'z-score ',1,2,1,'0',5),(277,276,0.1,0.36,0.62,'z-score ',2,0,0,'0',2),(278,277,0.1,0.36,0.62,'z-score ',2,0,1,'0',2),(279,278,-0.25,0.09,0.42,'z-score ',2,1,0,'0',3),(280,279,-0.06,0.06,0.17,'z-score ',2,1,1,'0',3),(281,280,-0.07,0.18,0.43,'z-score ',2,2,0,'0',5),(282,281,0,0.1,0.21,'z-score ',2,2,1,'both',5),(283,282,-0.29,0.15,0.59,'current US$ ($1,000s) ',0,0,0,'0',1),(284,283,-0.29,0.15,0.59,'current US$ (in 1000s) ',0,0,1,'0',1),(285,284,-0.29,0.15,0.59,'current US$ ($1,000s) ',0,2,0,'0',1),(286,285,-0.29,0.15,0.59,'current US$ (in 1000s) ',0,2,1,'0',1),(287,286,-0.47,-0.07,0.33,'current US$ ($1,000s) ',1,0,0,'0',2),(288,287,-0.47,-0.07,0.33,'current US$ (in 1000s) ',1,0,1,'0',2),(289,288,-0.47,-0.07,0.33,'current US$ ($1,000s) ',1,2,0,'0',2),(290,289,-0.47,-0.07,0.33,'current US$ (in 1000s) ',1,2,1,'0',2),(291,290,-0.27,0.03,0.32,'current US$ ($1,000s) ',2,0,0,'0',3),(292,291,-0.27,0.03,0.32,'current US$ (in 1000s) ',2,0,1,'0',3),(293,292,-0.27,0.03,0.32,'current US$ ($1,000s) ',2,2,0,'0',3),(294,293,-0.27,0.03,0.32,'current US$ (in 1000s) ',2,2,1,'both',3),(307,306,-0.21,4.64,9.49,'percentage points ',1,0,0,'0',2),(308,307,-0.21,4.64,9.49,'percentage points ',1,0,1,'0',2),(309,308,-0.21,4.64,9.49,'percentage points ',1,2,0,'0',2),(310,309,-0.21,4.64,9.49,'percentage points ',1,2,1,'0',2),(311,310,-0.21,4.64,9.49,'percentage points ',2,0,0,'0',2),(312,311,-0.21,4.64,9.49,'percentage points ',2,0,1,'0',2),(313,312,-0.21,4.64,9.49,'percentage points ',2,2,0,'0',2),(314,313,-0.21,4.64,9.49,'percentage points ',2,2,1,'both',2),(315,314,0.04,0.14,0.24,'cm ',1,2,1,'0',3),(316,315,0.04,0.17,0.3,'cm ',2,0,0,'0',1),(317,316,0.04,0.17,0.3,'cm ',2,0,1,'0',1),(318,317,-0.22,0.06,0.34,'cm ',2,1,0,'0',2),(319,318,-0.05,0.11,0.27,'cm ',2,1,1,'0',2),(320,319,0.04,0.14,0.25,'cm ',2,2,0,'0',3),(321,320,0.04,0.14,0.24,'cm ',2,2,1,'both',3),(322,321,-0.06,0.01,0.09,'z-score',1,0,0,'0',4),(323,322,-0.06,0.01,0.09,'z-score ',1,0,1,'0',4),(324,323,-0.21,0.01,0.22,'z-score ',1,1,0,'0',2),(325,324,-0.21,0.01,0.22,'z-score ',1,1,1,'0',2),(326,325,-0.06,0.01,0.08,'z-score ',1,2,0,'0',6),(327,326,-0.06,0.01,0.08,'z-score ',1,1,1,'0',6),(328,327,-0.06,0.01,0.09,'z-score ',2,0,0,'0',4),(329,328,-0.06,0.01,0.09,'z-score ',2,0,1,'0',4),(330,329,-0.21,0.01,0.22,'z-score ',2,1,0,'0',2),(331,330,-0.21,0.01,0.22,'z-score ',2,1,1,'0',2),(332,331,-0.06,0.01,0.08,'z-score ',2,2,0,'0',6),(333,332,-0.06,0.01,0.08,'z-score ',2,2,1,'both',6),(334,333,-3.36,3.5,10.36,'g/dL ',1,0,0,'0',2),(335,334,0.12,0.2,0.29,'g/dL ',1,0,1,'0',2),(336,335,0.07,0.31,0.55,'g/dL ',1,1,0,'0',2),(337,336,0.07,0.31,0.55,'g/dL ',1,1,1,'0',2),(338,337,-0.31,1.9,4.11,'g/dL ',1,2,0,'0',4),(339,338,0.14,0.22,0.29,'g/dL ',1,2,1,'0',4),(340,339,-3.36,3.5,10.36,'g/dL ',2,0,0,'0',2),(341,340,0.12,0.2,0.29,'g/dL ',2,0,1,'0',2),(342,341,0.07,0.31,0.55,'g/dL ',2,1,0,'0',2),(343,342,0.07,0.31,0.55,'g/dL ',2,1,1,'0',2),(344,343,-0.31,1.9,4.11,'g/dL ',2,2,0,'0',4),(345,344,0.14,0.22,0.29,'g/dL ',2,2,1,'both',4),(346,345,-0.22,0.95,2.12,'standard deviations ',1,0,0,'0',6),(347,346,0.36,0.36,0.45,'standard deviations ',1,0,1,'0',6),(348,347,-0.08,0.04,0.15,'standard deviations ',1,1,0,'0',1),(349,348,-0.08,0.04,0.15,'standard deviations ',1,1,1,'0',1),(350,349,-0.16,0.82,1.8,'standard deviations ',1,2,0,'0',7),(351,350,0.31,0.35,0.4,'standard deviations ',1,2,1,'0',7),(352,351,-0.22,0.95,2.12,'standard deviations ',2,0,0,'0',6),(353,352,0.36,0.45,0.45,'standard deviations ',2,0,1,'0',6),(354,353,-0.08,0.04,0.15,'standard deviations ',2,1,0,'0',1),(355,354,-0.08,0.04,0.15,'standard deviations ',2,1,1,'0',1),(356,355,-0.16,0.82,1.8,'standard deviations ',2,2,0,'0',7),(357,356,0.31,0.35,0.4,'standard deviations ',2,2,1,'both',7),(358,357,0.08,0.21,0.34,'kg ',1,0,0,'0',1),(359,358,0.08,0.21,0.34,'kg ',1,0,1,'0',1),(360,359,-0.11,0.06,0.22,'kg ',1,1,0,'0',2),(361,360,-0.11,0.06,0.22,'kg ',1,1,1,'0',2),(362,361,0.04,0.15,0.26,'kg ',1,2,0,'0',3),(363,362,0.08,0.21,0.34,'kg ',2,0,0,'0',1),(364,363,0.08,0.21,0.34,'kg ',2,0,1,'0',1),(365,364,-0.11,0.06,0.22,'kg ',2,1,0,'0',2),(366,365,-0.11,0.06,0.22,'kg ',2,1,1,'0',2),(367,366,0.04,0.15,0.26,'kg ',2,0,0,'0',3),(368,367,0.05,0.15,0.26,'kg ',2,2,1,'both',3),(369,368,-0.04,0.12,0.28,'z-score ',1,0,0,'0',4),(370,369,0.01,0.08,0.16,'z-score ',1,0,1,'0',4),(371,370,-0.1,0.12,0.33,'z-score ',1,1,0,'0',2),(372,371,-0.1,0.12,0.33,'z-score ',1,1,1,'0',2),(373,372,0.01,0.09,0.17,'z-score ',1,2,0,'0',6),(374,373,0.02,0.09,0.16,'z-score ',1,2,1,'0',6),(375,374,-0.04,0.12,0.28,'z-score ',2,0,0,'0',4),(376,375,0.01,0.08,0.16,'z-score ',2,0,1,'0',4),(377,376,-0.1,0.12,0.33,'z-score ',2,1,0,'0',2),(378,377,-0.1,0.12,0.33,'2 ',2,1,1,'0',2),(379,378,0.01,0.09,0.17,'z-score ',2,2,0,'0',6),(380,379,0.02,0.09,0.16,'z-score ',2,2,1,'both',6),(546,520,0.28,13.05,25.82,'percentage points ',2,2,0,'0',2),(383,382,-0.05,0.16,0.38,'z-score ',1,1,0,'0',2),(384,383,-0.05,0.16,0.38,'z-score ',1,1,1,'0',2),(385,384,0.02,0.1,0.17,'z-score ',1,2,0,'0',4),(386,385,0.02,0.1,0.17,'z-score ',1,2,1,'0',4),(387,386,0.01,0.09,0.17,'z-score ',2,0,0,'0',2),(388,387,0.01,0.09,0.17,'z-score ',2,0,1,'0',2),(389,388,-0.05,0.16,0.38,'z-score ',2,1,0,'0',2),(390,389,-0.05,0.16,0.38,'z-score ',2,1,1,'0',2),(391,390,0.02,0.1,0.1,'z-score ',2,2,0,'0',4),(392,391,0.02,0.1,0.17,'z-score ',2,2,1,'both',4),(393,392,0.32,6.55,12.78,'percentage points ',1,0,0,'0',3),(394,393,1.68,4.6,7.53,'percentage points ',1,0,1,'0',3),(395,394,0.32,6.55,12.78,'percentage points ',1,2,0,'0',3),(396,395,1.68,4.6,7.53,'percentage points ',1,2,1,'0',3),(397,396,0.32,6.55,12.78,'percentage points ',2,0,0,'0',3),(398,397,1.68,1.68,7.53,'percentage points ',2,0,1,'0',3),(399,398,0.32,6.55,12.78,'percentage points ',2,2,0,'0',3),(402,401,0.01,0.07,0.14,'standard deviations ',1,0,0,'0',2),(401,400,0.01,0.07,0.14,'standard deviations ',1,0,1,'0',2),(403,402,0.01,0.07,0.14,'standard deviations ',1,2,0,'0',2),(404,403,0.01,0.07,0.14,'standard deviations ',1,2,1,'0',2),(405,404,0.01,0.07,0.14,'standard deviations ',2,0,0,'0',2),(406,405,0.01,0.07,0.14,'standard deviations ',2,0,1,'0',2),(407,406,0.01,0.07,0.14,'standard deviations ',2,2,0,'0',2),(408,407,0.01,0.07,0.14,'standard deviations ',2,2,1,'both',2),(534,420,0.41,0.47,0.55,'(rate ratio) ',2,2,1,'both',2),(533,415,0.14,0.34,0.81,'(rate ratio) ',2,2,0,'0',2),(532,413,0.41,0.47,0.55,'(rate ratio) ',2,0,1,'0',2),(531,412,0.14,0.34,0.81,'(rate ratio) ',2,0,0,'0',2),(530,411,0.41,0.47,0.55,'(rate ratio) ',1,2,1,'0',2),(440,441,0.21,0.46,1.01,'(rate ratio) ',2,2,0,'0',3),(529,410,0.14,0.34,0.81,'(rate ratio) ',1,2,0,'0',2),(439,440,0.66,0.71,0.77,'(rate ratio) ',2,0,1,'0',3),(438,439,0.21,0.46,1.01,'(rate ratio) ',2,0,0,'0',3),(436,437,0.21,0.46,1.01,'(rate ratio) ',1,2,0,'0',3),(437,438,0.66,0.71,0.77,'(rate ratio) ',1,2,1,'0',3),(527,408,0.14,0.34,0.81,'(rate ratio) ',1,0,0,'0',2),(536,436,0.66,0.71,0.77,'(rate ratio) ',1,0,1,'0',3),(535,435,0.21,0.46,1.01,'(rate ratio) ',1,0,0,'0',3),(528,409,0.41,0.47,0.55,'(rate ratio) ',1,0,1,'0',2),(427,425,0.34,0.48,0.67,'(rate ratio) ',1,0,1,'0',3),(428,426,0.23,0.43,0.8,'(rate ratio) ',1,2,0,'0',3),(429,427,0.34,0.48,0.67,'(rate ratio) ',1,2,1,'0',3),(430,428,0.23,0.43,0.8,'(rate ratio) ',2,0,0,'0',3),(431,429,0.34,0.48,0.67,'(rate ratio) ',2,0,1,'0',3),(432,430,0.23,0.43,0.8,'(rate ratio) ',2,2,0,'0',3),(433,431,0.34,0.48,0.67,'(rate ratio) ',2,2,1,'both',3),(441,442,0.66,0.71,0.77,'(rate ratio) ',2,2,1,'both',3),(442,443,0.38,0.52,0.7,'(risk ratio) ',1,0,0,'0',2),(443,444,0.35,0.51,0.73,'(risk ratio) ',1,0,1,'0',2),(444,445,0.38,0.52,0.7,'(risk ratio) ',1,2,0,'0',2),(445,446,0.35,0.51,0.73,'(risk ratio) ',1,2,1,'0',2),(446,447,0.38,0.52,0.7,'(risk ratio) ',2,0,0,'0',2),(447,448,0.35,0.51,0.73,'(risk ratio) ',2,0,1,'0',2),(448,449,0.38,0.52,0.7,'(risk ratio) ',2,2,0,'0',2),(449,450,0.35,0.51,0.73,'(risk ratio) ',2,2,1,'both',2),(450,451,0.58,0.7,0.84,'(risk ratio) ',1,0,0,'0',2),(451,452,0.57,0.69,0.85,'(risk ratio) ',1,0,1,'0',2),(452,453,0.58,0.7,0.84,'(risk ratio) ',1,2,0,'0',2),(453,454,0.57,0.69,0.85,'(risk ratio) ',1,2,1,'0',2),(454,455,0.58,0.7,0.84,'(risk ratio) ',2,0,0,'0',2),(455,456,0.57,0.69,0.85,'(risk ratio) ',2,0,1,'0',2),(456,457,0.58,0.7,0.84,'(risk ratio) ',2,2,0,'0',2),(457,458,0.57,0.69,0.85,'(risk ratio) ',2,2,1,'both',2),(458,459,0.34,0.48,0.67,'(risk ratio) ',1,0,0,'0',2),(459,460,0.34,0.48,0.67,'(risk ratio) ',1,0,1,'0',2),(460,461,0.343951,0.479797,0.669298,'(risk ratio) ',1,2,0,'0',2),(461,462,0.34,0.48,0.67,'(risk ratio) ',1,2,1,'0',2),(462,463,0.34,0.48,0.67,'(risk ratio) ',2,0,0,'0',2),(463,464,0.34,0.48,0.67,'(risk ratio) ',2,0,1,'0',2),(464,465,0.34,0.48,0.67,'(risk ratio) ',2,2,0,'0',2),(465,466,0.34,0.48,0.67,'(risk ratio) ',2,2,1,'both',2),(466,467,0.53,0.65,0.8,'(risk ratio) ',1,0,0,'0',2),(467,468,0.53,0.65,0.8,'(risk ratio) ',1,0,1,'0',2),(468,469,0.53,0.65,0.8,'(risk ratio) ',1,2,0,'0',2),(469,470,0.53,0.65,0.8,'(risk ratio) ',1,2,1,'0',2),(470,471,0.53,0.65,0.8,'(risk ratio) ',2,0,0,'0',2),(471,472,0.53,0.65,0.8,'(risk ratio) ',2,0,1,'0',2),(472,473,0.53,0.65,0.8,'(risk ratio) ',2,2,0,'0',2),(473,474,0.53,0.65,0.8,'(risk ratio) ',2,2,1,'both',2),(474,475,0.37,1.31,2.25,'percentage points ',0,0,0,'0',1),(475,476,0.37,1.31,2.25,'percentage points ',0,0,1,'0',1),(476,477,0.37,1.31,2.25,'percentage points ',0,2,0,'0',1),(477,478,0.37,1.31,2.25,'percentage points ',0,2,1,'0',1),(478,479,-1.97,0.81,3.59,'percentage points ',1,0,0,'0',1),(479,480,-1.97,0.81,3.59,'percentage points ',1,0,1,'0',1),(480,481,-1.97,0.81,3.59,'percentage points ',1,2,0,'0',1),(481,482,-1.97,0.81,3.59,'percentage points ',1,2,1,'0',1),(482,483,0.36,1.26,2.15,'percentage points ',2,0,0,'0',2),(483,484,0.36,1.26,2.15,'percentage points ',2,0,1,'0',2),(484,485,0.36,1.26,2.15,'percentage points ',2,2,0,'0',2),(485,486,0.36,1.26,2.15,'percentage points ',2,2,1,'both',2),(486,487,-6.23,0.63,7.49,'percentage points ',0,0,0,'0',1),(487,488,-6.23,0.63,7.49,'percentage points ',0,0,1,'0',1),(488,489,-6.23,0.63,7.49,'percentage points ',0,2,0,'0',1),(489,490,-6.23,0.63,7.49,'percentage points ',0,2,1,'0',1),(490,491,-0.19,0.63,1.44,'percentage points ',1,0,0,'0',1),(491,492,-0.19,0.63,1.44,'percentage points ',1,0,1,'0',1),(492,493,-0.19,0.63,1.44,'percentage points ',1,2,0,'0',1),(493,494,-0.19,0.63,1.44,'percentage points ',1,2,1,'0',1),(494,495,-0.18,0.63,1.44,'percentage points ',2,0,0,'0',2),(495,496,-0.18,0.63,1.44,'percentage points ',2,0,1,'0',2),(496,497,-0.18,0.63,1.44,'percentage points ',2,2,0,'0',2),(497,498,-0.18,0.63,1.44,'percentage points ',2,2,1,'both',2),(499,500,-0.11,0.03,0.17,'standard deviations ',0,0,0,'0',1),(500,501,-0.11,0.03,0.17,'standard deviations ',0,0,1,'0',1),(501,502,-0.11,0.03,0.17,'standard deviations ',0,2,0,'0',1),(502,503,-0.11,0.03,0.17,'standard deviations ',0,2,1,'0',1),(503,504,-0.02,0.2,0.41,'standard deviations ',1,0,0,'0',1),(504,505,-0.02,0.2,0.41,'standard deviations ',1,0,1,'0',1),(505,506,-0.02,0.2,0.41,'standard deviations ',1,2,0,'0',1),(506,507,-0.02,0.2,0.41,'standard deviations ',1,2,1,'0',1),(507,508,-0.04,0.08,0.19,'standard deviations ',2,0,0,'0',2),(508,509,-0.07,0.09,0.25,'standard deviations ',2,0,1,'0',2),(509,510,-0.04,0.08,0.19,'standard deviations ',2,2,0,'0',2),(510,511,-0.07,0.09,0.25,'standard deviations ',2,2,1,'both',2),(537,424,0.23,0.43,0.8,'(rate ratio) ',1,0,0,'0',3),(538,512,0.66,3.61,6.55,'percentage points ',1,0,0,'0',2),(539,513,0.66,3.61,6.55,'percentage points ',1,0,0,'0',2),(540,514,0.66,3.61,6.55,'percentage points ',1,2,0,'0',2),(541,515,0.66,3.61,6.55,'percentage points ',1,2,1,'0',2),(542,516,0.66,3.61,6.55,'percentage points ',2,0,0,'0',2),(543,517,0.66,3.61,6.55,'percentage points ',2,0,1,'0',2),(544,518,0.66,3.61,6.55,'percentage points ',2,2,0,'0',2),(548,522,1.51,8.6,15.69,'percentage points ',2,2,0,'0',1),(549,523,-3.85,2.95,9.74,'percentage points ',2,2,1,'both',2),(550,524,0.66,3.61,6.55,'percentage points ',2,2,1,'both',2),(551,525,1.68,4.6,7.53,'percentage points ',2,2,1,'both',3);
/*!40000 ALTER TABLE `wp_donor_outcome_values` ENABLE KEYS */;
UNLOCK TABLES;
/*!40103 SET TIME_ZONE=@OLD_TIME_ZONE */;

/*!40101 SET SQL_MODE=@OLD_SQL_MODE */;
/*!40014 SET FOREIGN_KEY_CHECKS=@OLD_FOREIGN_KEY_CHECKS */;
/*!40014 SET UNIQUE_CHECKS=@OLD_UNIQUE_CHECKS */;
/*!40101 SET CHARACTER_SET_CLIENT=@OLD_CHARACTER_SET_CLIENT */;
/*!40101 SET CHARACTER_SET_RESULTS=@OLD_CHARACTER_SET_RESULTS */;
/*!40101 SET COLLATION_CONNECTION=@OLD_COLLATION_CONNECTION */;
/*!40111 SET SQL_NOTES=@OLD_SQL_NOTES */;

-- Dump completed on 2012-12-17 11:51:25
